id,first_name,last_name,email,gender,ip_address
1,Clyde,Marshall,cmarshall0@gov.uk,Non-binary,174.228.226.18
2,Stern,Delhay,sdelhay1@nps.gov,Female,160.50.168.223
3,Diannne,Dorman,ddorman2@desdev.cn,Genderfluid,237.93.23.191
4,Syman,Sogg,ssogg3@marriott.com,Agender,170.84.185.154
5,Hunfredo,Ellingsworth,hellingsworth4@blogspot.com,Female,233.235.255.232
6,Evelina,Hardistry,ehardistry5@behance.net,Genderqueer,196.242.98.137
7,Luce,Garralts,lgarralts6@amazon.com,Polygender,136.173.215.244
8,Fidelio,Castro,fcastro7@blogger.com,Bigender,67.74.188.195
9,Gannon,Phillippo,gphillippo8@blog.com,Polygender,223.105.18.241
10,Anneliese,Simionescu,asimionescu9@1688.com,Male,129.18.253.108
